ID;Language_1;Lexemes_1;Meanings_1;PoS_1;Direction;Languages_2;Lexemes_2;Meanings_2;PoS_2;Confidence;Extension;Connotation;Emotive Value;Frame;Comments
shift0007;Ancient Greek, Irish Gaelic;Ancient Greek: [μετατρέπω], Irish Gaelic: [iompaigh];μετατρέπω: [to turn back], iompaigh: [to turn, rotate (intr.)];Verb;→;Ancient Greek: [Modern Greek], Irish Gaelic: [Irish Gaelic];μετατρέπω: [μετατρέπω], iompaigh: [iompaigh];μετατρέπω: [to transform], iompaigh: [to become];Verb;3;;;;Metaphor;Analogy from changing your face of direction to going through a change. Concrete to abstract.
shift0008;Irish Gaelic;Irish Gaelic: [eolas];eolas: [to know];Verb;→;Irish Gaelic: [Irish Gaelic];eolas: [eolas];eolas: [to know how];Verb;3;Narrowing;;;;From knowing something in general to knowing how to do something. A feature add to the intension.
shift0013;Irish Gaelic;Irish Gaelic: [comhair];comhair: [to calculate, count];Verb;→;Irish Gaelic: [Irish Gaelic];comhair: [comhair];comhair: [to take into account];Verb;3;;;;Metaphor;Analogy from counting, calculating numbers to thinking, considering different situations.
shift0016;Irish Gaelic;Irish Gaelic: [milis];milis: [sweet (taste)];Adjective;→;Irish Gaelic: [Irish Gaelic];milis: [milis];milis: [dear, darling];Noun;3;;;;Metaphor;Analogy from sweet taste to nice feelings felt for them.
shift0035;French, Irish Gaelic;French: [considérer], Irish Gaelic: [feic];considérer: [to stare, to gaze], feic: [to see/to look at];Verb;→;French: [French], Irish Gaelic: [Irish Gaelic];considérer: [considérer], feic: [feic];considérer: [to consider], feic: [to have opinion];Verb;3;;;;Metaphor;From concrete to abstract. Analogy from physically looking at something to mentally thinking about it.
shift0048;Latin;Latin: [aura];aura: [air, breeze];Noun;→;Latin: [Romansh];aura: [aura];aura: [(Rumantsch Grischun, Sursilvan) weather];Noun;3;;;;Metonymy;"""Air"" and ""Breeze"" are part of the weather: Part for whole"
shift0057;Old Church Slavonic;Old Church Slavonic: [хлапъ];хлапъ: [servant, slave];Noun;→;Old Church Slavonic: [Bulgarian];хлапъ: [хлапе];хлапе: [boy];Noun;3;;Emotive;Amelioration;Metonymy;Slaves and servants were mostly boys: An attribute for the entity that possesses the attribute. The word 'slave' has negative connotations whereas the word 'boy' does not.
shift0066;Russian;Russian: [galdet'];galdet': [to clamor, to make a racket];Verb;→;Russian: [Russian];galdet': [galdet'];galdet': [to say, to speak];Verb;2;Broadening;Emotive;Amelioration;;"""To make a racket"", ""to clamor"" have negative connotations whereas ""to speak"" does not. Especially ""to clamor"" includes also the act of ""to speak""."
shift0068;Latin;Latin: [mane];mane: [morning];Noun;→;Latin: [French,Romanian,Aromanian,Catalan];mane: [demain,mâine,mãni, mãne,demà];demain,mâine,mãni, mãne,demà: [tomorrow];Noun;3;;;;Metonymy;The next morning is a part of the tomorrow: Part for whole
shift0072;Latin;Latin: [color];color: [flower];Noun;→;Latin: [Late Latin];color: [colores (pl.)];colores (pl.): [colour];Noun;3;;;;Metonymy;Flowers are colorful: An attribute for the entity that possesses the attribute
shift0073;Hill Mari;Hill Mari: [ширӹ];ширӹ: [(dated) sweet (taste)];Noun;→;Hill Mari: [Hill Mari];ширӹ: [ширӹ];ширӹ: [fresh (of water)];Adjective;1;;;;Metaphor;"The water is not actually sweet but the other type of water is ""salty"". So, it is sweet in relation to salty water."
shift0084;Russian;Russian: [грести];грести: [to dig];Verb;→;Russian: [Russian];грести: [грести];грести: [to row (with oars)];Verb;3;;;;Metaphor;Digging and rowing have similar motions.
shift0099;Japanese;Japanese: [motomeru];motomeru: [look for];Verb;→;Japanese: [Japanese];motomeru: [motomeru];motomeru: [demand, request];Verb;3;;;;Metaphor;Concrete to abstract. Physically looking for something to asking someone for something.
shift0102;Geez;Geez: [barra];barra: [to purify, to make white];Verb;→;Geez: [Geez];barra: [bərur];bərur: [silver];Noun;3;;;;Metonymy;It comes from the process of obtaining silver: An activity or event for its consequences
shift0132;Latin;Latin: [Lunae dies];Lunae dies: [moon];Noun;→;Latin: [Catalan];Lunae dies: [ Dilluns];Dilluns: [Monday];Noun;3;;;;Metonymy;It comes from the association of the monday with the moon: An attribute for the entity that possesses the attribute
shift0140;French;French: [ravir];ravir: [to steal, to carry away, to deprive of smth by force];Verb;→;French: [French];ravir: [ravir];ravir: [to delight, to charm];Verb;3;;Emotive;Amelioration;Metaphor;"""Stealing"" and ""Depriving someone"" have bad connotations whereas ""delight"" and ""charming someone"" have good connotations. Also, when you charm someone you steal their heart. From concrete to abstract."
shift0144;Irish Gaelic;Irish Gaelic: [ceangail];ceangail: [to be tied];Verb;→;Irish Gaelic: [Irish Gaelic];ceangail: [ceangail];ceangail: [to feel affection];Verb;3;;;;Metaphor;Analogy. From physically being tied to emotional attachment.
shift0150;Ancient Greek;Ancient Greek: [καθαρίζω];καθαρίζω: [to clean];Verb;→;Ancient Greek: [Ancient Greek];καθαρίζω: [καθαρίζω];καθαρίζω: [to cure, treat (medically)];Verb;2;;;;Metonymy;"""To cure"" and ""to treat"", you first clean: Part for whole"
shift0242;Latin, Old East Slavic;Latin: [capio, -ere], Latin: [comprehendo, -ere], Old East Slavic: [пояти (pojati)], Old East Slavic: [уловити (uloviti)];capio, -ere: [to catch], comprehendo, -ere: [to grasp], пояти (pojati): [to take, to get], уловити (uloviti): [to catch ];Verb;→;Latin: [Italian], Latin: [French], Old East Slavic: [Russian];capio, -ere: [capire], comprehendo, -ere: [comprendre], пояти (pojati): [понять (ponjat')], уловити (uloviti): [уловить (ulovit')];capire: [to understand], comprendre: [to understand], понять (ponjat'): [to understand ], уловить (ulovit'): [to capture, understand];Verb;3;;;;Metaphor;Analogy. From catching, obtaining something to understanding something. Concrete to abstract.
shift0259;Latin;Latin: [serpens];serpens: [crawling];Adjective;→;Latin: [French];serpens: [serpent];serpent: [snake];Noun;3;;;;Metonymy;Serpents crawl: An attribute for the entity that possesses the attribute
shift0261;Old Irish;Old Irish: [taide];taide: [thief];Noun;→;Old Irish: [Old Irish];taide: [taide];taide: [adulterer];Noun;2;;;;Metaphor;Analogy. Stealing money to stealing honor. Concrete to abstract.
shift0272;Acehnese, Indonesian, Old Japanese, Vietnamese;Acehnese: [ulon], Indonesian: [sahaya], Old Japanese: [boku], Vietnamese: [tŏi, tố];ulon: [slave], sahaya: [servant], boku: [servant, slave], tŏi, tố: [servant];Noun;→;Acehnese: [Acehnese], Indonesian: [Indonesian], Old Japanese: [Japanese], Vietnamese: [Vietnamese];ulon: [ulon], sahaya: [saya], boku: [boku], tŏi, tố: [tŏi, tố];ulon: [I, me], saya: [I, me], boku: [I, me (male)], tŏi, tố: [I, me];Pronoun;2;Broadening;;;;Grammaticalization. The word lost its specifications and became a broad grammatical term.
shift0273;Burmese, Japanese, Thai;Burmese: [hyinv], Burmese: [minx], Japanese: [kimi], Thai: [câw], Thai: [naaj];hyinv: [lord, master], minx: [king], kimi: [lord, emperor], câw: [prince, lord], naaj: [master, owner];Noun;→;Burmese: [Burmese], Japanese: [Japanese], Thai: [Thai];hyinv: [hyinv], minx: [minx], kimi: [kimi], câw: [câw], naaj: [naaj];hyinv: [you], minx: [you], kimi: [you], câw: [you], naaj: [you];Pronoun;2;Broadening;;;;Grammaticalization. The word lost its specifications and became a broad grammatical term.
shift0337;Old East Slavic;Old East Slavic: [поразити];поразити: [to beat, hit];Verb;→;Old East Slavic: [Russian];поразити: [поразить];поразить: [to astonish];Verb;3;;Emotive;Amelioration;Metaphor;"""To beat"" and ""hit"" have bad connotations whereas ""to astonish"" has good connotations. Analogy. From hitting someone physically to affecting someone mentally. Concrete to abstract."
shift0391;Old East Slavic;Old East Slavic: [добрыи];добрыи: [good];Adjective;→;Old East Slavic: [Russian];добрыи: [добрый];добрый: [kind, good-hearted];Adjective;3;Narrowing;;;Metonymy;"From broad term ""good"" which is applicable to anyting to ""kind, good-hearted"" which are only applicable to humans. kind and good-hearted are good people: An attribute for the entity that possesses the attribute"
shift0392;Old East Slavic, Tamil;Old East Slavic: [хорошии], Tamil: [*nal-];хорошии: [beautiful, decorated], *nal-: [good];Adjective;→;Old East Slavic: [Russian], Tamil: [Telugu];хорошии: [horošij], *nal-: [naluvu];"horošij: [good], naluvu: [beauty, ability; beautiful.]";Adjective, Noun;2;Broadening;;;;"From ""decorated"", a term only applicable to rooms, to general terms like ""beauty"""
shift0414;Serbian;Serbian: [љубити];љубити: [to love];Verb;→;Serbian: [Serbian];љубити: [љубити];љубити: [to kiss];Verb;3;;;;Metonymy;"You ""kiss"" people you ""love"": An activity or event for its consequences"
shift0415;Latin, Old East Slavic;Latin: [capto, -āre], Old East Slavic: [ловити];capto, -āre: [various meanings related to catching], ловити: [to hunt, catch];Verb;→;Latin: [Italian], Old East Slavic: [Old East Slavic];capto, -āre: [cacciare], ловити: [ловить];cacciare: [to hunt], ловить: [to catch];Verb;3;Narrowing;;;Metonymy;"From ""various meaning related to catching"" to one specific meaning, ""hunting"". ""Catching"" is a part of ""hunting"""
shift0434;Medieval Latin;Medieval Latin: [spatula];spatula: [épaule humaine - man's shoulder];Noun;→;Medieval Latin: [Spanish];spatula: [espalda];espalda: [back];Noun;3;;;;Metonymy;Shoulders are also located at the back of the humans: A spatial location for what is located there
shift0442;Old East Slavic;Old East Slavic: [простыи];простыи: [straight];Adjective;→;Old East Slavic: [Russian];простыи: [простой];простой: [simple];Adjective;3;;;;Metaphor;"Analogy. ""Straight"" things do not have any branches. ""Simple"" things do not have the branches of ideas. Concrete to abstract. "
shift0446;Hopi;Hopi: [puvùpwpi(’at) ];puvùpwpi(’at) : [eyelid];Noun;→;Hopi: [Hopi];puvùpwpi(’at) : [puvùpwpi(’at) ];puvùpwpi(’at) : [eyebrow];Noun;3;;;;Metonymy;"""Eyelid"" and ""eyebrow"" are spatially close: A spatial location for what is located there"
shift0497;Hungarian;Hungarian: [orr];orr: [top, mountain];Noun;→;Hungarian: [Hungarian];orr: [orr];orr: [nose];Noun;3;;;;Metaphor;Visual similarity.
shift0557;Old Irish;Old Irish: [scel];scel: [history];Noun;→;Old Irish: [Old Irish];scel: [scel];scel: [event, occurrence];Noun;3;;;;Metonymy;"""Events"" and ""occurences"" are a part of ""History"": Part for whole"
shift0560;Latin;Latin: [confundo, confundere];confundo, confundere: [to mix, stir];Verb;→;Latin: [French];confundo, confundere: [confondre];confondre: [to confuse (with)];Verb;3;;;;Metaphor;From physically mixing to mentally mixing them. Concrete to abstract.
shift0575;Modern Written Arabic;Modern Written Arabic: [bunayya (بُنَيَّة)];bunayya (بُنَيَّة): [little daughter];Noun;→;Modern Written Arabic: [Chadian Arabic];bunayya (بُنَيَّة): [binēye (بنية)];binēye (بنية): [girl];Noun;3;Broadening;;;;From your own female child to all female children.
shift0580;Russian;Russian: [ряшка / ряжка (rjaška / rjažka)];ряшка / ряжка (rjaška / rjažka): [small tub, bucket];Noun;→;Russian: [Russian];ряшка / ряжка (rjaška / rjažka): [ряшка, ряха (rjaška, rjaha)];ряшка, ряха (rjaška, rjaha): [face (substandard, contempt., vulg. )];Noun;2;;Emotive;Pejoration;Metaphor;From a house furniture to a vulgar term. Visual similarity.
shift0597;Latin;Latin: [materia];materia: [timber];Noun;→;Latin: [Latin];materia: [materia];"materia: [matter; material; component stuff; substance]";Noun;3;Broadening;;;;Timber was one of the materials. Now it means the material in general. Timber is a hyponym of material.
shift0622;Latin;Latin: [nova];nova: [new (feminine nominative/vocative singular)];Adjective;→;Latin: [Spanish,Portuguese];nova: [novia,noiva];novia,noiva: [bride];Noun;3;;;;Metonymy;" A ""bride"" is ""new"" to the family: An attribute for the entity that possesses the attribute"
shift0695;Old East Slavic;Old East Slavic: [поразити];поразити: [to strike, hit];Verb;→;Old East Slavic: [Russian];поразити: [поражение];поражение: [to defeat, win];Verb;3;;;;Metonymy;As a result of striking and hitting, you win: An activity or event for its consequences
shift0732;Latin;Latin: [rota];rota: [the wheel of a vehicle];Noun;→;Latin: [Spanish];rota: [rodilla];rodilla: [knee];Noun;3;;;;Metaphor;Functional similarity.
shift0733;Middle English;Middle English: [wrong];wrong: [curved, crooked, bent];Adjective;—;Middle English: [English];wrong: [wrong];wrong: [wrong];Adjective;3;;;;Metaphor;Analogy. Concrete to abstract.
shift0743;Latin;Latin: [pendo, -ere];pendo, -ere: [to weight (objects)];Verb;→;Latin: [French];pendo, -ere: [penser];penser: [to think];Verb;3;;;;Metaphor;Analogy. From weighing objects to weighing ideas. Concrete to abstract.
shift0779;Akkadian, Arabic;Akkadian: [bi/urku], Arabic: [faḫiḏ-];"bi/urku: [knee], faḫiḏ-: [thigh; the smallest subdivision of a tribe]";Noun;→;Akkadian: [Tigrinya], Arabic: [Soqotri];bi/urku: [bərək], faḫiḏ-: [fâḥid];bərək: [community], fâḥid: [people];Noun;1;Broadening;;;Metonymy;From a group of people, or a feature of human to all people, a community: Part for whole
shift0782;Classical Arabic;Classical Arabic: [أَلْمَعُ ʔalmaʕ-u];أَلْمَعُ ʔalmaʕ-u: [brightly shining, sparkling, flashing, glowing];Adjective;→;Classical Arabic: [Modern Written Arabic];أَلْمَعُ ʔalmaʕ-u: [أَلْمَعُ ʔalmaʕ-u];أَلْمَعُ ʔalmaʕ-u: [sagacious, smart, shrewd, clever, bright, intelligent];Adjective;3;;;;Metaphor;Analogy. From physically shining to shining by the intelligence. Concrete to abstract.
shift0796;Old High German;Old High German: [tragan];tragan: [to carry];Verb;—;Old High German: [Dutch];tragan: [drachling];drachling: [pregnant];Adjective;3;;;;Metonymy;Pregnant women carry a child: An attribute for the entity that possesses the attribute
shift0822;Latin;Latin: [vermiculus];"vermiculus: [little worm (→  the scarlet worm, Vulg. Exod. 35, 25; cf. Hier. Ep. 64, 19)]";Noun;→;Latin: [Old French];vermiculus: [vermeil];"vermeil: [bright red; vermilion]";Adjective;2;Broadening;;;Metonymy;The word became a color name and applicable to many objects. The color of the worm became the name of the color: An attribute for the entity that possesses the attribute
shift0824;Latin;Latin: [crocum];crocum: [saffron (Crocus sativus)];Noun;→;Latin: [Catalan];crocum: [groc];groc: [yellow];Adjective;2;Broadening;;;Metonymy;The word became a color name and applicable to many objects. The color of the saffron became the name of the color: An attribute for the entity that possesses the attribute
shift0837;Old East Slavic;Old East Slavic: [гость];гость: [guest, stranger];Noun;→;Old East Slavic: [Old East Slavic];гость: [гость];гость: [guest merchant];Noun;3;Narrowing;;;;From meaning any type of guest to guest with a specific job. Extra feature is added to the intension.
shift0845;Old East Slavic;Old East Slavic: [брань (bran')];брань (bran'): [fight];Noun;→;Old East Slavic: [Russian];брань (bran'): [браниться];браниться: [to quarell];Verb;2;;;;Metonymy;"""To quarrel"" is a part of ""fight"": Part for whole"
shift0848;Latin;Latin: [ad noctem];ad noctem: [at night];Adverb;→;Latin: [Portuguese];ad noctem: [ontem];ontem: [yesterday];Adverb;3;;;;Metonymy;The night before is a part of yesterday: Part for whole
shift0849;Polish;Polish: [ważny];ważny: [heavy (of weight)];Adjective;→;Polish: [Polish];ważny: [ważny];ważny: [important];Adjective;3;;;;Metaphor;Analogy. From physical weight to heaviness of a matter. Concrete to abstract.
shift0878;Classical Arabic, Old Sweden, Sabaic, Soqotri;Classical Arabic: [اقْتَنَى ˀiqtanā (VIII stem)], Old Sweden: [boskap], Sabaic: [ḳny], Soqotri: [ḳénho];اقْتَنَى ˀiqtanā (VIII stem): [to possess], boskap: [household, household goods, property], ḳny: [to acquire], ḳénho: [property, possessions];Verb, Noun;→;Classical Arabic: [Classical Arabic], Old Sweden: [Swedish], Sabaic: [Sabaic], Soqotri: [Soqotri];اقْتَنَى ˀiqtanā (VIII stem): [اقْتَنَى ˀiqtanā (VIII stem)], boskap: [boskap], ḳny: [ḳny], ḳénho: [ḳén(h)o];اقْتَنَى ˀiqtanā (VIII stem): [to acquire cattle (camels)], boskap: [cattle], ḳny: [livestock, cattle], ḳén(h)o: [animals, cattle];Noun;2;Narrowing;;;;From all of the property and possessions to one type of possession, cattle.
shift0898;Latin, Old English;Latin: [maxilla], Old English: [cēace];maxilla: [jaw], cēace: [jaw];Noun;→;Latin: [Italian], Old English: [English];maxilla: [mascella], cēace: [cheek];mascella: [cheek], cheek: [cheek];Noun;3;;;;Metonymy;Spatial contiguity: A spatial location for what is located there
shift0905;Latin;Latin: [absurdus];absurdus: [mraningless, absurd];Adjective;→;Latin: [Spanish];absurdus: [zurdo];"zurdo: [left (hand); awkward]";Adjective;2;;Emotive;Amelioration;Metaphor;"""Meaningless, absurd"" have bad connotations whereas ""left hand"" does not. From the first meaning to left hand is analogy."
shift0911;Latin;Latin: [talpa];talpa: [mole (Talpa)];Noun;→;Latin: [Italian];talpa: [topo];topo: [mouse, rat];Noun;3;;;;Metaphor;Visual similarity.
shift0922;Ancient Greek;Ancient Greek: [ἐξευρίσκω];ἐξευρίσκω: [to find out, discover];Verb;→;Ancient Greek: [Modern Greek];ἐξευρίσκω: [ξέρω];ξέρω: [to know];Verb;3;;;;Metonymy;When you find out and discover, you know: An activity or event for its consequences
shift0940;Old East Slavic;Old East Slavic: [суровъ];суровъ: [raw];Adjective;→;Old East Slavic: [Russian];суровъ: [суровый];суровый: [severe, harsh];Adjective;3;;;;Metaphor;Analogy. Meanings belong to different semantic frames.
shift0942;Latin;Latin: [absurdus];absurdus: [senseless, meaningless];Adjective;→;Latin: [Spanish];absurdus: [zurdo];"zurdo: [left (hand); awkward]";Adjective;2;;Emotive;Amelioration;Metaphor;"""Meaningless, absurd"" have bad connotations whereas ""left hand"" does not. From the first meaning to left hand is analogy."
shift0943;Latin;Latin: [accapto, -are];accapto, -are: [to catch, to seize];Verb;→;Latin: [French];accapto, -are: [acheter];acheter: [to buy];Verb;3;;;;Metaphor;Analogy. When you buy something you grab and seize that thing as well. Functional similarity.
shift0964;Latin;Latin: [habeo];habeo: [to possess];Verb;→;Latin: [Spanish];habeo: [hay];hay: [to be, exist];Verb;3;Broadening;;;;Grammaticalization. The word lost its specifications and became a broad grammatical term. Features are extracted from the intension.
shift0970;Latin;Latin: [intendo, -ere];intendo, -ere: [to strain];Verb;→;Latin: [Medieval Latin];intendo, -ere: [intendo, intendere];intendo, intendere: [to understand];Verb;3;;;;Metaphor;Analogy. Understanding is mentally straining the information: Concrete to abstract.
shift0977;Latin;Latin: [testa];testa: [pot];Noun;→;Latin: [French];testa: [tête];tête: [head];Noun;3;;;;Metaphor;Visual similarity.
shift0980;Ancient Greek, Old East Slavic;Ancient Greek: [τρέχω], Old East Slavic: [течи];τρέχω: [to run], течи: [to move fast];Verb;→;Ancient Greek: [Modern Greek], Old East Slavic: [Russian];τρέχω: [τρέχω], течи: [течь (teč')];τρέχω: [to run, to flow], течь (teč'): [to flow];Verb;3;;;;Metaphor;Functional similarity.
shift0981;Latin;Latin: [spero, -are];spero, -are: [to hope];Verb;→;Latin: [Spanish];spero, -are: [esperar];esperar: [to wait];Verb;3;;;;Metonymy;When you hope for something, you also wait for it.
shift0983;Latin;Latin: [demoror, -ari];demoror, -ari: [to delay, to linger];Verb;→;Latin: [French];demoror, -ari: [demeurer];demeurer: [to live, to dwell];Verb;2;;;;Metaphor;Functional similarity. Living somewhere is like lingering there.
shift1005;Icelandic, Latin;Icelandic: [höfuð], Latin: [caput];höfuð: [head], caput: [head];Noun;→;Icelandic: [Icelandic], Latin: [French];höfuð: [höfuð], caput: [chef];höfuð: [chief], chef: [chief];Noun;3;;;;Metaphor;"Analogy. From ""head"" of the body to ""head"" of something."
shift1007;Anatolian Arabic;Anatolian Arabic: [nahār];nahār: [day];Noun;→;Anatolian Arabic: [Anatolian Arabic];nahār: [nahār];nahār: [sun];Noun;3;;;;Metonymy;"""Sun"" is a part of the ""day"": Part for whole"
shift1011;Latin;Latin: [premo, -ere];premo, -ere: [to press];Verb;→;Latin: [French];premo, -ere: [imprimer];imprimer: [to print];Verb;3;;;;Metonymy;"""Pressing"" was a part of ""printing"": Part for whole"
shift1055;Latin, Old East Slavic;Latin: [stagnum], Old East Slavic: [олово (olovo)];stagnum: [an alloy of silver and lead], олово (olovo): [lead];Noun;—;Latin: [Late Latin], Old East Slavic: [Old East Slavic];stagnum: [stannum], олово (olovo): [олово (olovo)];stannum: [tin (n.)], олово (olovo): [tin];Noun;1;;;;Metaphor;Visual similarity.
shift1064;Swedish;Swedish: [hane];hane: [rooster];Noun;→;Swedish: [Swedish];hane: [hane];hane: [cock (of a gun)];Noun;3;;;;Metaphor;Visual similarity.
shift1089;Latin;Latin: [quaero, -ere];quaero, -ere: [to ask, inquire];Verb;→;Latin: [Spanish];quaero, -ere: [querer];querer: [to want];Verb;2;;;;Metonymy;"You ""ask"" what you ""want"": An activity or event for its consequences"
shift1108;Irish Gaelic;Irish Gaelic: [geal];geal: [light, bright, clear];Adjective;→;Irish Gaelic: [Irish Gaelic];geal: [geal];geal: [glad];Adjective;1;;;;Metaphor;Analogy.
shift1152;Armenian;Armenian: [mard (մարդ)];mard (մարդ): [mortal];Adjective;→;Armenian: [Armenian];mard (մարդ): [mard (մարդ)];mard (մարդ): [person];Noun;2;Narrowing;;;Metonymy;"From all ""mortal"" beings to only ""person"". Mortality is an attribute of person: An attribute for the entity that possesses the attribute"
shift1163;Old French;Old French: [labourer];labourer: [to work];Verb;→;Old French: [French];labourer: [labourer];labourer: [to plough];Verb;3;Narrowing;;;;From all kinds of work to a specific work.
shift1164;Chechen, Classical Arabic, Ingush, Old French, Old Irish;Chechen: [q̇aḥēga], Classical Arabic: [عُنِىَ (pass. voice) ], Ingush: [q̇aḥega], Old French: [travail], Old Irish: [dúad];q̇aḥēga: [towork, to toil], عُنِىَ (pass. voice) : [to work, to be occupied with sth. ], q̇aḥega: [to labour, to strive], travail: [suffering, torment], dúad: [suffering];Verb, Noun;→;Chechen: [Chechen], Classical Arabic: [Classical Arabic], Ingush: [Ingush], Old French: [French], Old Irish: [Irish Gaelic];q̇aḥēga: [q̇aḥēga], عُنِىَ (pass. voice) : [عَانَى (III-stem)], q̇aḥega: [q̇aḥega], travail: [travail], dúad: [dúa];q̇aḥēga: [to suffer], عَانَى (III-stem): [to endure, to suffer], q̇aḥega: [to suffer], travail: [work (n.)], dúa: [work];Verb;3;;;;Metaphor;Analogy. Functional similarity between working and suffering.
shift1167;Ancient Greek, French, Latin;Ancient Greek: [φρίσσω], French: [craindre], Latin: [tremo, -ere];φρίσσω: [to tremble, to quiver, to shiver], craindre: [to tremble], tremo, -ere: [to tremble];Verb;→;Ancient Greek: [Modern Greek], French: [French], Latin: [French];φρίσσω: [φρίσσω], craindre: [craindre], tremo, -ere: [craindre];φρίσσω: [to be afraid], craindre: [to be afraid];Verb;3;;;;Metonymy;When you are scared, you tremble, shiver: An activity or event for its consequences
shift1170;Latin;Latin: [barbatus];barbatus: [bearded], barbatus: [bearded man];Adjective;→;Latin: [Romanian], Latin: [Aromanian];barbatus: [bărbat], barbatus: [bãrbat];bărbat: [man], bãrbat: [man (male)];Noun;3;;;;Metonymy;The meaning of barbatus in Latin is to have man like features, like having a 'beard': An attribute for the entity that possesses the attribute
shift1171;Latin;Latin: [anima];anima: [soul];Noun;→;Latin: [Romanian];anima: [inimă];"inimă: [heart; (figurative, popular) soul]";Noun;3;;;;Metaphor;Functional similarity.
shift1174;Latin;Latin: [miror];miror: [to be surprised];Verb;→;Latin: [Spanish];miror: [mirar];mirar: [to look];Verb;1;;;;Metonymy;When you are surprised by something you look at it: An activity or event for its consequences
shift1186;Russian;Russian: [долгий (dolgij)];долгий (dolgij): [long (archaic)];Adjective;→;Russian: [Russian];долгий (dolgij): [долгий (dolgij)];долгий (dolgij): [continued];Adjective;1;;;;Metonymy;"""Long"" things are ""continued"": An attribute for the entity that possesses the attribute"
shift1200;Old French;Old French: [put];put: [stench];Noun;→;Old French: [French];put: [putois];putois: [polecat, ferret (Mustela putorius)];Noun;3;;;;Metonymy;The ferret smell horrible: An attribute for the entity that possesses the attribute
shift1222;Old English;Old English: [fæst];fæst: [firm, stable];Adjective;→;Old English: [English];fæst: [fast];fast: [quick, fast];Adjective;2;;;;Metonymy;"The word ""fast"" comes from Old Norse where it meant vigorously. Running vigoroulsy -> running fast: An activity or event for its consequences"
shift1246;Old Church Slavonic;Old Church Slavonic: [быстръ];быстръ: [quick, speedy];Adjective;→;Old Church Slavonic: [Bulgarian];быстръ: [bistăr];bistăr: [clear, transparent];Adjective;3;;;;Metonymy;"""Fast"" things seem ""clear, transparent"" when they move: An activity or event for its consequences"
shift1270;Ancient Greek;Ancient Greek: [ψυμίον];ψυμίον: [piece];Noun;→;Ancient Greek: [Modern Greek];ψυμίον: [ψυμί];ψυμί: [bread];Noun;3;;;;Metonymy;"""Bread"" usually has ""pieces"": Part for whole"
shift1293;Latin;Latin: [cubitus];cubitus: [reclined];Adjective;→;Latin: [French];cubitus: [coude];coude: [elbow];Noun;2;;;;Metonymy;"""Elbow"" is ""reclined"": An attribute for the entity that possesses the attribute"
shift1294;Danish, Norwegian;Danish: [meget], Norwegian: [meget];meget: [many];Adjective;→;Danish: [Danish], Norwegian: [Norwegian];meget: [meget];meget: [very];Adverb;1;Broadening;;;;Grammaticalization. It became applicable to more entities.
shift1315;Irish Gaelic;Irish Gaelic: [ceann];ceann: [head];Noun;→;Irish Gaelic: [Irish Gaelic];ceann: [ceann];ceann: [mind (n.)];Noun;3;;;;Metonymy;Mind is located inside the head: Container for contents
shift1367;Latin;Latin: [debilis];debilis: [weak, feeble];Adjective;→;Latin: [French];debilis: [débile];débile: [stupid];Adjective;3;;;;Metaphor;Analogy. From physical weakness to mental weakness. Concrete to abstract.
shift1377;Russian;Russian: [шибко];шибко: [quickly];Adverb;→;Russian: [Russian];шибко: [шибко];шибко: [very, too much];Adverb;1;Broadening;;;;Grammaticalization. The word lost its specifications and became a broad grammatical term. Features are extracted from the intension.
shift1398;Latin;Latin: [catarius];catarius: [feline];Noun;→;Latin: [French];catarius: [cataire];cataire: [Nepeta cataria];Noun;3;;;;Metonymy;Nepeta Cataria attracts cats, and highly associated with them.
shift1404;Russian;Russian: [črevatyj];črevatyj: [pregnant];Adjective;→;Russian: [Russian];črevatyj: [črevatyj];črevatyj: [pregnant with smth];Adjective;3;Narrowing;;;;"From ""pregnant"" in general to ""pregnant with something."" More features are added to the intension."
shift1405;Latin, Norwegian;Latin: [fascino, -are], Norwegian: [fortrylle ];fascino, -are: [to bewitch], fortrylle : [to practise witchcraft];Verb;→;Latin: [French], Norwegian: [Norwegian];fascino, -are: [fasciner], fortrylle : [fortrylle ];fasciner: [to charm, to captivate], fortrylle : [to fascinate];Verb;3;;Emotive;Amelioration;Metaphor;"""To bewitch"" and ""practice witchcraft"" have bad connotations whereas ""to charm"" and ""to fascinate"" have good connotations. Analogy. Charming someone is like putting a spell on them."
shift1411;Latin;Latin: [humilis];humilis: [low, close to the ground];Adjective;→;Latin: [French];humilis: [humble];humble: [humble];Adjective;3;;;;Metaphor;Analogy. Being humble is not exaggerating the abilities, being close to earth. Concrete to abstract.
shift1432;Latin;Latin: [calix];"calix: [cup, chalice; cooking pot]";Noun;→;Latin: [Spanish];calix: [cauce];cauce: [river-bed];Noun;3;;;;Metaphor;Functional similarity. Carrying water.
shift1496;Latin;Latin: [botellus];botellus: [a small sausage];Noun;→;Latin: [Old French];botellus: [boiel, boel];boiel, boel: [bowels, intestine];Noun;3;;;;Metaphor;Visual similarity.
shift1585;English, French, Indonesian, Italian, Japanese, Polish, Romanian, Russian;English: [Xerox], English: [Yo-Yo], French: [Nescafé], Indonesian: [AQUA], Italian: [Jacuzzi], Japanese: [(キヤノン) Canon], Polish: [Adidas], Romanian: [Adidas], Russian: [Thermos];Xerox: [manufacturer's name], Yo-Yo: [trademark of the toy], Nescafé: [manufacturer, producer], AQUA: [trademark of mineraal water], Jacuzzi: [hot tub or whirlpool bath with underwater jets that massage the body], (キヤノン) Canon: [a Japanese corporation, specializing in optical, imaging, and industrial products], Adidas: [Adidas AG], Thermos: [manufacturer's name];Noun;→;English: [Russian], English: [English], French: [Romanian], Indonesian: [Indonesian], Italian: [Russian], Japanese: [Mongolian (Khalkha)], Polish: [Polish], Romanian: [Romanian], Russian: [Russian];Xerox: [ксерокс (kseroks)], Yo-Yo: [yo-yo], Nescafé: [nescafe, nes], AQUA: [aqua], Jacuzzi: [джазузи (džakuzi)], (キヤノン) Canon: [kanon], Adidas: [adidas], Thermos: [термос (termos)];"ксерокс (kseroks): [photocopier], yo-yo: [A toy consisting of a spheroidal or cylindrical spindle having a circular groove in which string is wound; it is used by holding the string in the fingers and reeling the spindle up and down by movements of the wrist], nescafe, nes: [soluble coffee], aqua: [any mineral water], джазузи (džakuzi): [Jacuzzi], kanon: [photocopier], adidas: [sport shoe], термос (termos): [thermos]";Noun;3;;;;Metonymy;The origin for what originates from it
shift1632;Latin;Latin: [curro, -ere];curro, -ere: [to run];Verb;→;Latin: [Romanian];curro, -ere: [a curge];a curge: [to flow];Verb;3;;;;Metaphor;Functional similarity.
shift1647;Latin;Latin: [anima ];anima : [breathing];Noun;→;Latin: [French];anima : [âme];âme: [soul];Noun;3;;;;Metonymy;"Things that breathe usually have a ""soul"": An attribute for the entity that possesses the attribute"
shift1665;Latin, Old English;Latin: [vivenda], Old English: [mete];vivenda: [food], mete: [food, nourishment];Noun;→;Latin: [French], Old English: [English];vivenda: [viande], mete: [meat];viande: [meat], meat: [meat];Noun;3;Narrowing;;;;"""Meat"" is a specific type of ""food, nourishment"". A feature is added to the intension."
shift1690;Latin;Latin: [apprehendo, -ere];apprehendo, -ere: [to grasp, to catch];Verb;→;Latin: [Romanian];apprehendo, -ere: [a aprinde];a aprinde: [to light (fire), to switch on light];Verb;1;;;;Metaphor;Meanings belong to different semantic frames. When something is lit, it catches fire.
shift1697;Old Church Slavonic;Old Church Slavonic: [хранити];хранити: [to guard, to protect];Verb;→;Old Church Slavonic: [Bulgarian];хранити: [hrana];hrana: [food];Noun;3;;;;Metonymy;"""Food"" is something intensely guarded: An attribute for the entity that possesses the attribute"
shift1700;Latin;Latin: [vita];vita: [жизнь];Noun;→;Latin: [Romanian];vita: [vită];vită: [cattle (mostly cows)];Noun;3;Narrowing;;;Metonymy;"From general term ""life"" to one type of living thing ""cattle"". Cattles are alive: An attribute for the entity that possesses the attribute"
shift1722;French;French: [vif];vif: [alive];Adjective;→;French: [French];vif: [vif];vif: [active, quick];Adjective;1;;;;Metonymy;"Being ""quick, active"" is a consequence of ""being alive"": An activity or event for its consequences"
shift1766;Old East Slavic;Old East Slavic: [постичи];постичи: [to catch up with];Verb;→;Old East Slavic: [Russian];постичи: [постичь (postič')];постичь (postič'): [to understand];Verb;3;;;;Metaphor;"Analogy. From physically ""catching up with"" someone to mentally ""catching up with"" an idea. Concrete to abstract."
shift1816;Latin;Latin: [dependo, -ere];dependo, -ere: [to hang];Verb;→;Latin: [French];dependo, -ere: [dépendre];dépendre: [to depend];Verb;3;;;;Metaphor;Analogy. From physically hanging on something to figuritively hanging on something/someone. Concrete to abstract.
shift1843;Belarusan, Ukrainian;Belarusan: [вяселле (vjasjéllje)], Ukrainian: [весiлля (vesíllja)];вяселле (vjasjéllje): [fun], весiлля (vesíllja): [fun, gaiety];Noun;→;Belarusan: [Belarusan], Ukrainian: [Ukrainian];вяселле (vjasjéllje): [вяселле (vjasjéllje)], весiлля (vesíllja): [весiлля (vesíllja)];вяселле (vjasjéllje): [wedding], весiлля (vesíllja): [wedding];Noun;3;Narrowing;;;Metonymy;"From all ""fun"" things to one specific one, ""wedding"". Weddings are fun: An attribute for the entity that possesses the attribute"
shift1883;Classical Arabic;Classical Arabic: [نَقَبَ naqaba];نَقَبَ naqaba: [to pierce, to bore];Verb;→;Classical Arabic: [Ancient Hebrew];نَقَبَ naqaba: [nəḳēbā ];"nəḳēbā : [woman, female (""perforata"")]";Noun;3;;;;Metonymy;"From the association between the ""woman"" and ""being pierced"" such as earrings etc.: An attribute for the entity that possesses the attribute"
shift1985;Irish Gaelic, Latin;Irish Gaelic: [airgead], Latin: [argentum];airgead: [silver], argentum: [silver];Noun;→;Irish Gaelic: [Irish Gaelic], Latin: [Old Spanish];airgead: [airgead], argentum: [ariento];"airgead: [money], ariento: [a certain silver coin used in the kingdoms of Castile and León; (biblical) a piece of silver, a shekel]";Noun;3;;;;Metonymy;A material for the product made from it
shift2086;Old English;Old English: [husbonda];husbonda: [master, owner];Noun;→;Old English: [English];husbonda: [husband];husband: [husband];Noun;1;;;;Metaphor;Functional similarity.
shift2108;Ancient Hebrew, Latin;Ancient Hebrew: [khašmál], Latin: [electricus];khašmál: [electrum, amber], electricus: [amber];Noun;→;Ancient Hebrew: [Modern Hebrew], Latin: [New Latin];khašmál: [khašmál], electricus: [electricus];khašmál: [electricity], electricus: [electric];Noun;3;;;;Metaphor;Visual similarity.
shift2118;Icelandic;Icelandic: [unna];unna: [to love];Verb;→;Icelandic: [Icelandic];unna: [unna];unna: [to permit, to provide, to let];Verb;1;;;;Metonymy;When you love, you permit, provide for someone: An activity or event for its consequences
shift2154;Faroese;Faroese: [epli];epli: [apple];Noun;→;Faroese: [Faroese];epli: [epli];epli: [potato];Noun;2;;;;Metaphor;Visual similarity.
shift2155;Ancient Greek, French, German, Latin, Old Persian, Ukrainian;Ancient Greek: [ἕλληνες], French: [hongre], German: [Hunne], Latin: [latini], Old Persian: [parthavan], Ukrainian: [varjah];ἕλληνες: [the Greeks], hongre: [a Hungarian man], Hunne: [Hun], latini: [residents of Latium, late romans], parthavan: [Parthian], varjah: [Varangian, a person from the Scandinavian tribe];Noun;→;Ancient Greek: [Bulgarian], French: [French], German: [German], Latin: [Bulgarian], Old Persian: [Farsi], Ukrainian: [Ukrainian];ἕλληνες: [elini], hongre: [ogre], Hunne: [Hüne], latini: [latini], parthavan: [pählivân], varjah: [varjah, varjaha];elini: [giants], ogre: [orc], Hüne: [giant], latini: [giants], pählivân: [hero, athlete], varjah, varjaha: [husky, sturdy];Noun;2;;;;Metonymy;The attributes associated with the nations, certain people: An attribute for the entity that possesses the attribute
shift2187;Old High German;Old High German: [treffan];treffan: [strike, hit];Verb;→;Old High German: [German];treffan: [treffen];treffen: [meet];Verb;3;;;;Metaphor;From physically getting striked or hit to figuratively getting hit by someone by running into them. Concrete to abstract.
shift2191;Swedish;Swedish: [rolig];rolig: [calm];Adjective;→;Swedish: [Swedish];rolig: [rolig];rolig: [funny];Adjective;1;;;;Metonymy;"""Funny"" things are calming: An activity or event for its consequences"
shift2203;Sumerian;Sumerian: [uĝnim + (written logographically as KI.SU.LU.UB2.GAR)];uĝnim + (written logographically as KI.SU.LU.UB2.GAR): [camp];Noun;—;Sumerian: [Akkadian];uĝnim + (written logographically as KI.SU.LU.UB2.GAR): [ummānum];ummānum: [military force, troops, army];Noun;3;Broadening;;;Metonymy;"From military ""camps"" to more meanings related to military, like army and troops. Extension of the meaning extended. Military ""camps"" are a part of military: Part for whole"
shift2262;Japanese;Japanese: [kane (金)];kane (金): [metal];Noun;→;Japanese: [Japanese];kane (金): [kane (金)];kane (金): [money];Noun;3;;;;Metonymy;A material for the product made from it
shift2313;Latin;Latin: [responsus];responsus: [answer];Noun;→;Latin: [French];responsus: [responsable];responsable: [responsible];Adjective;2;;;;Metonymy;"""Responsible"" people ""respond"" to questions about an event: An attribute for the entity that possesses the attribute"
shift2357;Kazakh;Kazakh: [ата (ata)];ата (ata): [father];Noun;→;Kazakh: [Kazakh];ата (ata): [ата (ata)];ата (ata): [grandfather];Noun;3;;;;Metonymy;"""Father"" comes from the ""Grandfather"": The origin for what originates from it"
shift2379;Slovak;Slovak: [strela];strela: [arrow];Noun;→;Slovak: [Slovak];strela: [strela];strela: [bullet];Noun;3;;;;Metaphor;Functional similarity.
shift2382;Thai;Thai: [bpʉʉn (ปืน)];bpʉʉn (ปืน): [(archaic) weapon from which arrows or the like are shot, as bow, crossbow, blowgun, etc.];Noun;→;Thai: [Thai];bpʉʉn (ปืน): [bpʉʉn (ปืน)];bpʉʉn (ปืน): [gun];Noun;1;;;;Metaphor;Functional similarity.
shift2390;Phrygian;Phrygian: [ῥομφαία];ῥομφαία: [spear];Noun;→;Phrygian: [Albanian];ῥομφαία: [rruféja];rruféja: [lightning];Noun;3;;;;Metaphor;Visual similarity.
shift2393;Old High German;Old High German: [slahan];slahan: [to strike];Verb;→;Old High German: [German];slahan: [Schlacht];Schlacht: [battle];Noun;3;;;;Metonymy;Striking is a part of the battle: Part for whole
shift2395;Spanish;Spanish: [pelear];pelear: [to pull smn by the hair, to fight];Verb;→;Spanish: [Spanish];pelear: [pelear];pelear: [to fight];Verb;3;;;;Metonymy;"""Pulling someone by the hair"" is a part of a fight: Part for whole"
shift2397;Latin;Latin: [saluto, -are];saluto, -are: [to greet];Verb;→;Latin: [Romanian];saluto, -are: [a săruta];a săruta: [to kiss];Verb;3;;;;Metonymy;When you greet someone, you usually kiss them: Part for whole
shift2404;Welsh;Welsh: [cynhaeaf];cynhaeaf: [autumn];Noun;→;Welsh: [Welsh];cynhaeaf: [cynhaeaf];cynhaeaf: [harvest];Noun;3;;;;Metonymy;"""Autumn"" usually is the season when the ""harvest"" is made: A period of time for what happens in that period, for the people that live then, or for what it produces"
shift2405;Dutch, Latin;Dutch: [oogst], Latin: [messis];oogst: [august], messis: [harvest];Noun;→;Dutch: [Dutch], Latin: [Romanian];oogst: [oogst], messis: [măsălar];oogst: [harvest], măsălar: [(popular/folk) August];Noun;3;;;;Metonymy;"""Autumn"" and ""August"" are the months for the ""harvest"": A period of time for what happens in that period, for the people that live then, or for what it produces"
shift2406;Ancient Hebrew;Ancient Hebrew: [Thirass (תִירָס)];Thirass (תִירָס): [a son of Japheth listed in Genesis 10 who was sometimes identified with the Turkish people];Noun;→;Ancient Hebrew: [Modern Hebrew];Thirass (תִירָס): [tirás (תירס)];tirás (תירס): [maize];Noun;3;;;;Metonymy;Turkish people were belived to be the main distributor of the maize: The origin for what originates from it
shift2424;Old English;Old English: [furh];furh: [pine tree];Noun;→;Old English: [Middle English];furh: [fyrre];fyrre: [fir tree];Noun;1;;;;Metaphor;Visual similarity.
shift2478;Latin;Latin: [buccula];buccula: [cheek];Noun;→;Latin: [Old French];buccula: [bocler];bocler: [shield];Noun;1;;;;Metaphor;Functional similarity. Cheeks protect the face.
shift2481;Old French;Old French: [fort];fort: [strong];Adjective;→;Old French: [Old French];fort: [forteresce];forteresce: [fortress (building)];Noun;3;;;;Metonymy;"Fortresses are very ""strong"": An attribute for the entity that possesses the attribute"
shift2519;Russian;Russian: [dom];dom: [house];Noun;→;Russian: [Russian];dom: [dom];dom: [tomb];Noun;3;;;;Metaphor;Analogy. Euphemism of death is sleeping.
shift2541;Old East Slavic;Old East Slavic: [великыи];великыи: [big, large];Adjective;→;Old East Slavic: [Russian];великыи: [великий];великий: [great];Adjective;2;;Emotive;Amelioration;Metaphor;"""Great"" has positive connotations whereas ""big"" or ""large"" do not. Meanings come from different semantic frames."
shift2568;Polish;Polish: [łono];łono: [genitalia (obs.)];Noun;→;Polish: [Polish];łono: [łono];łono: [lap, knees, breast];Noun;2;;Emotive;Amelioration;Metonymy;"Since the first meaning has the obscene meaning and the second one does not. ""Genitalia"" is spatially approximate to lap, knees and breast: A spatial location for what is located there"
shift2592;Latin;Latin: [hostis];hostis: [military campaign];Noun;→;Latin: [Romanian];hostis: [oaste];oaste: [army];Noun;3;;;;Metonymy;Military campaigns are done by the army: The origin for what originates from it
shift2614;Old English;Old English: [gemæne];gemæne: [common, shared by several people];Adjective;→;Old English: [English];gemæne: [mean];mean: [bad];Noun;3;;Emotive;Pejoration;;"The word ""common"" does not have any bad connotations, but the word ""bad"" has bad connotations."
shift2615;Classical Arabic;Classical Arabic: [نَمِرَ namira];نَمِرَ namira: [to be brilliant];Verb;→;Classical Arabic: [Classical Arabic];نَمِرَ namira: [نَمِر ,نَمِير namir-, namīr-];نَمِر ,نَمِير namir-, namīr-: [pure, clean];Adjective;2;;;;Metaphor;Analogy. Meanings belong to different semantic frames.
shift2629;Irish Gaelic;Irish Gaelic: [mag];mag: [field];Noun;→;Irish Gaelic: [Irish Gaelic];mag: [amach];amach: [on the outside];Adverb;3;;;;Metonymy;"""Field"" is ""on the outside"": A spatial location for what is located there"
shift2646;Latin;Latin: [evolvo, -ere];evolvo, -ere: [unwrap];Verb;→;Latin: [Italian];evolvo, -ere: [evolvere];evolvere: [to develop];Verb;3;;;;Metaphor;Developing is like getting unwrapped. Especially for the insects with cocoon. Analogy.
shift2647;Latin;Latin: [navicella];navicella: [small ship];Noun;→;Latin: [French];navicella: [nacelle];nacelle: [boat, yawl, canoe];Noun;2;Broadening;;;;"From ""small ship"", boat to different types of ship"
shift2651;Old East Slavic;Old East Slavic: [алкати];алкати: [to starve, to famish];Verb;→;Old East Slavic: [Russian];алкати: [alkat'];alkat': [to desire];Verb;3;;Emotive;Amelioration;Metaphor;Analogy. From starving for food to starve for something.
shift2654;Old English;Old English: [steorfan];steorfan: [die];Verb;→;Old English: [English];steorfan: [starve];starve: [to starve];Verb;3;Narrowing;;;;From dying from any reason to dying from a specific reason. New feature is added to the intension.
shift2672;Ancient Greek;Ancient Greek: [βοτάνη];βοτάνη: [plant];Noun;→;Ancient Greek: [Byzantine Greek];βοτάνη: [βοτάνη];βοτάνη: [gunpowder];Noun;1;;;;Metaphor;Visual similarity.
shift2683;Middle High German;Middle High German: [hel];hel: [loud];Adjective;→;Middle High German: [German];hel: [hell];hell: [light, clear];Adjective;3;;;;Metaphor;Functional similarity. Both adjectives are extreme and attract attention.
shift2685;Latin;Latin: [socius];"socius: [fellow, sharer, partner, comrade, companion; partner in business; ally]";Noun;→;Latin: [Romanian];socius: [soț];soț: [husband];Noun;2;;;;Metaphor;Functional similarity.
shift2697;Finnish;Finnish: [haastaa], Finnish: [puhua];haastaa: [to breath, to sigh], puhua: [to blow];Verb;→;Finnish: [Finnish];haastaa: [haastaa], puhua: [puhua];haastaa: [to say, to speak], puhua: [to say, to speak];Verb;1;;;;Metonymy;Sighing, breathing are a part of speaking: Part for whole
shift2699;Hungarian;Hungarian: [vak];vak: [blind];Adjective;→;Hungarian: [Hungarian];vak: [vak];vak: [dark (adj.)];Adjective;3;;;;Metonymy;"Due to belief that ""blind"" people only see ""dark"": An activity or event for its consequences"
shift2704;Old English;Old English: [spōn];spōn: [chip, splinter];Noun;→;Old English: [Middle English];spōn: [spone];spone: [spoon];Noun;3;;;;Metonymy;It probably comes from the wooden spoons. In Old Swedish this word was used for wooden spoon: Part for whole
shift2706;Latin;Latin: [allevatum];allevatum: [risen];Adjective;→;Latin: [Romanian];allevatum: [aluat];aluat: [dough];Noun;3;;;;Metonymy;"The ""dough"" rises: An attribute for the entity that possesses the attribute"
shift2708;Ancient Greek;Ancient Greek: [τράπεζα];τράπεζα: [table];Noun;→;Ancient Greek: [Modern Greek];τράπεζα: [τράπεζα];τράπεζα: [bank];Noun;3;;;;Metonymy;Tables are located inside the bank:Container for contents
shift2715;Akkadian;Akkadian: [ṣēru ];ṣēru : [back (body part)];Noun;→;Akkadian: [Akkadian];ṣēru : [ṣēru ];ṣēru : [surface];Noun;3;;;;Metaphor;"Analogy. ""Back"" of the body is like the ""surface"" of objects."
shift2720;Old East Slavic;Old East Slavic: [волухъ];волухъ: [bull shepherd];Noun;→;Old East Slavic: [Russian];волухъ: [олух (oluh)];олух (oluh): [(derogatory) blockhead, stupid person];Noun;3;;Emotive;Pejoration;Metonymy;"""Bull shepherd"" does not have a bad connotation whereas ""blockhead, stupid person"" have bad connotations.Bull shepherds were usually uneducated people: An attribute for the entity that possesses the attribute"
shift2739;Old English;Old English: [clúd];clúd: [a mass of rock, hill];Noun;→;Old English: [English];clúd: [cloud];cloud: [cloud];Noun;3;;;;Metaphor;Visual similarity.
shift2753;Latin;Latin: [capitalis];capitalis: [(relational) of the head];Adjective;→;Latin: [Catalan,Romansh];capitalis: [capital,chapitala];capital,chapitala: [capital city];Noun;3;;;;Metaphor;"Analogy. ""Capital city"" is like the head of the state. Concrete to abstract."
shift2772;Middle Persian (Pahlavi);Middle Persian (Pahlavi): [mkwk' /makōg/];mkwk' /makōg/: [boat];Noun;→;Middle Persian (Pahlavi): [Farsi];mkwk' /makōg/: [makōk (مکوک)];makōk (مکوک): [shuttle (weaving instrument)];Noun;3;;;;Metaphor;Visual similarity.
shift2820;Latin;Latin: [capitulum];capitulum: [small head];Noun;→;Latin: [Occitan];capitulum: [cabelh];cabelh: [corn head];Noun;3;;;;Metaphor;Visual similarity.
shift2870;Latin;Latin: [longus];longus: [long];Adjective;→;Latin: [French];longus: [loin];loin: [far];Adjective;3;;;;Metonymy;"The distance from the ""far"" things is ""long"": An activity or event for its consequences"
shift2882;Latin;Latin: [minuta];minuta: [small (adj. fem.)];Adjective;→;Latin: [Medieval Latin];minuta: [minuta];minuta: [minute];Adjective;3;Narrowing;;;;"""Minuta"" in Latin means the adjective ""minute"". So a feature is added to the intension."
shift2926;English;English: [maid];maid: [(arch.) an unmarried girl or woman];Noun;→;English: [English];maid: [maid];maid: [a female servant];Noun;3;;;;Metonymy;Maids were usually unmarried young girls: An attribute for the entity that possesses the attribute
shift2971;Latin;Latin: [aculeus];aculeus: [thorn, spine];Noun;→;Latin: [Old French];aculeus: [aiglant];aiglant: [wild rosebush];Noun;3;;;;Metonymy;"""Thorn, spine"" are part of the ""rose"": Part for whole"
shift2979;Sanskrit;Sanskrit: [álpa (अल्प)];álpa (अल्प): [little, small];Adjective;→;Sanskrit: [Assamese];álpa (अल्प): [api (আপী)];api (আপী): [girl];Noun;3;;;;Metonymy;"""Little, small"" female is a ""girl"": An attribute for the entity that possesses the attribute"
shift2988;Latin;Latin: [dominus];dominus: [the master of a household, estate, or other property, owner, proprietor];Noun;→;Latin: [Italian];dominus: [donna];donna: [woman];Noun;1;;;;Metaphor;Functional similarity.
shift2990;Latin;Latin: [largus];"largus: [1) Munificent, generous, bountiful, lavish; 2) Furnished liberally, plentiful, bounteous, unstinted, copious]";Adjective;→;Latin: [Spanish];largus: [largo];largo: [long];Adjective;1;;;;Metaphor;Analogy. From generous, bountiful to large. From extreme in one frame to another extreme in another frame.
shift2991;Latin;Latin: [largus];"largus: [1) Munificent, generous, bountiful, lavish; 2) Furnished liberally, plentiful, bounteous, unstinted, copious], largus: [abundant, plentiful, copious]";Adjective;→;Latin: [Italian], Latin: [French,Portuguese];largus: [largo], largus: [large,largo];largo: [wide], large,largo: [wide, broad];Adjective;1;;;;Metaphor;Analogy. From generous, bountiful to wide. From extreme in one frame to another extreme in another frame.
shift2994;Old English;Old English: [beám];beám: [a tree];Noun;→;Old English: [English];beám: [beam];beam: [a long heavy piece of wood or metal used in building houses, bridges etc];Noun;3;;;;Metonymy;A material for the product made from it
shift2995;Latin;Latin: [fustis];fustis: [a stick, rod];Noun;→;Latin: [French];fustis: [fût];fût: [Tronc d'arbre dans sa partie droite et dépourvue de branches];Noun;3;;;;Metaphor;Visual similarity.
shift2996;Latin;Latin: [labor];labor: [work, labour, toil];Verb;→;Latin: [Catalan];labor: [llavor];llavor: [grain, seed];Noun;3;;;;Metonymy;The end product of working used to be grain and seed: An activity or event for its consequences
shift2997;Latin;Latin: [gula];gula: [the throat with its passages];Noun;→;Latin: [Romanian];gula: [gură];gură: [mouth];Noun;3;;;;Metonymy;Spatial contiguity: A spatial location for what is located there
shift2998;Portuguese;Portuguese: [asa];asa: [handle];Noun;→;Portuguese: [Portuguese];asa: [asa];asa: [wing];Noun;3;;;;Metaphor;Visual similarity.
shift3041;Old Udi;Old Udi: [ajz];ajz: [world, region, (inhabited) lands,];Noun;→;Old Udi: [Udi];ajz: [aiz // ajiz];aiz // ajiz: [village];Noun;1;Narrowing;;;;"From general term ""world, inhabitant lands"" to a smaller one, village. A feature is added to the intension. "
shift3045;Latvian;Latvian: [debess];debess: [(archaic) sky];Noun;→;Latvian: [Latvian];debess: [debess];debess: [cloud];Noun;3;;;;Metonymy;"""Cloud"" is located in the ""sky"": Container for contents"
shift3063;Old Norse;Old Norse: [æla];æla: [to pour, to flow quickly];Verb;→;Old Norse: [Icelandic];æla: [æla];æla: [to vomit];Verb;3;;;;Metaphor;Visual similarity.
shift3064;French;French: [baiser];baiser: [(dated outside Canada) to kiss ];Verb;→;French: [French];baiser: [baiser];baiser: [(vulgar slang, transitive, intransitive) to fuck];Verb;3;;Emotive;Pejoration;Metonymy;From non-vulgar meaning to vulgar meaning. Part for whole
shift3065;Ancient Greek;Ancient Greek: [γαμέω];γαμέω: [marry, i.e. take to wife, of the man];Verb;→;Ancient Greek: [Modern Greek];γαμέω: [γαμώ];γαμώ: [(colloquial, vulgar) to fuck];Verb;3;;Emotive;Pejoration;Metonymy;From non-obscene meaning to obscene meaning. An activity or event for its consequences
shift3084;Latin;Latin: [tempestas];tempestas: [weather];Noun;→;Latin: [Italian];tempestas: [tempesta];tempesta: [storm];Noun;3;;;;Metonymy;"""Storms"" take place in the ""weather"": Container for contents"
shift3085;Russian;Russian: [непогода];непогода: [good weather];Noun;→;Russian: [Russian];непогода: [погода];погода: [weather];Noun;3;Broadening;;;;From one specific type of weather to any type of weather. Extension is extended.
shift3088;Latin;Latin: [neco, necare];neco, necare: [to kill];Verb;→;Latin: [French,Romanian,Catalan,Italian,Spanish];neco, necare: [noyer,îneca,negar,annegare,anegar];noyer,îneca,negar,annegare,anegar: [to sink, drown];Verb;2;;;;Metonymy;When you sink or drown something, you kill that thing: An activity or event for its consequences
shift3089;Galician, Latin;Galician: [verán], Latin: [ver];verán: [(archaic) late spring and early summer], ver: [spring], ver: [spring (season)];Noun;→;Galician: [Galician], Latin: [Romanian], Latin: [Spanish,Portuguese];verán: [verán], ver: [vară], ver: [verano,verão];verán: [summer], vară: [summer], verano,verão: [summer];Noun;2;;;;Metonymy;Late spring and spring is followed by summer: An activity or event for its consequences
shift3090;Latin;Latin: [paludem];paludem: [swamp, marsh];Noun;→;Latin: [Romanian];paludem: [pădure];pădure: [forest];Noun;3;;;;Metonymy;Swamps, marshes are located inside the forest: A spatial location for what is located there
shift3091;Latin;Latin: [visus];visus: [look, gaze];Noun;→;Latin: [Old French];visus: [vis];vis: [face];Noun;3;;;;Metonymy;"""Look"" and ""Gaze"" are caused by eyes that are located in the ""Face"": Container for contents"
shift3092;Latin;Latin: [rostrum];rostrum: [beak];Noun;→;Latin: [Spanish,Galician];rostrum: [rostro];rostro: [face];Noun;3;;;;Metaphor;Functional similarity.
shift3095;Latin;Latin: [calere];calere: [to be hot];Verb;→;Latin: [Old French];calere: [chaut];chaut: [necessary];Adjective;1;;;;Metaphor;Functiona similarity: being hot is necessary 
shift3118;Old French;Old French: [garir];garir: [to protect];Verb;→;Old French: [French];garir: [guérir];guérir: [to heal];Verb;2;;;;Metonymy;You protect something for it to heal: An activity or event for its consequences
shift3140;Latin;Latin: [amarus];amarus: [bitter];Adjective;→;Latin: [Spanish];amarus: [amarillo];amarillo: [yellow];Adjective;2;;;;Metonymy;Bitter things like lime are yellow: An attribute for the entity that possesses the attribute
shift3210;Ancient Greek;Ancient Greek: [μελᾰνείμων];μελᾰνείμων: [black clad];Noun;→;Ancient Greek: [Byzantine Greek];μελᾰνείμων: [μελᾰνείμων];μελᾰνείμων: [monk];Noun;3;;;;Metonymy;Since monks wear fully black clothes: An attribute for the entity that possesses the attribute
shift3231;Latin;Latin: [fusus];fusus: [spindle];Noun;→;Latin: [French];fusus: [fusain];fusain: [spindle wood];Noun;3;;;;Metonymy;A material for the product made from it
shift3241;Hungarian;Hungarian: [franc];franc: [French];Noun;→;Hungarian: [Hungarian];franc: [franc];franc: [syphilis];Noun;3;;Emotive;Pejoration;Metonymy;"The word ""French"" does not have any bad connotations but the disease ""Syphilis"" has bad connotations. Since syphilis is spread by French troops: The origin for what originates from it"
shift3242;French;French: [col];col: [neck];Noun;→;French: [French];col: [col];col: [neck (of bottle etc.)];Noun;3;;;;Metaphor;Visual similarity.
shift3251;Russian;Russian: [понедельник];понедельник: [the day after Sunday];Noun;→;Russian: [Russian];понедельник: [неделя];неделя: [week];Noun;3;;;;Metonymy;From a part of the week (monday) to whole week: Part for whole
shift3282;Latin;Latin: [libra];libra: [weight unit];Noun;→;Latin: [Italian];libra: [lira];lira: [money unit];Noun;3;;;;Metonymy;It comes from the times when they measured money with the weight: An activity or event for its consequences
shift3306;Medieval Latin;Medieval Latin: [pilo, pilare];pilo, pilare: [to plunder];Verb;→;Medieval Latin: [Italian];pilo, pilare: [pigliàre];pigliàre: [to grab, catch, take];Verb;2;;;;Metonymy;Catching, grabbing and taking are parts of plundring: Part for whole
shift3376;Middle English;Middle English: [big];"big: [Of living beings: Of great strength or power; strong, stout, mighty]";Adjective;→;Middle English: [English];big: [big];"big: [Of great size, bulk, or extent; large]";Adjective;1;;;;Metonymy;Strong and mighty things tend to be big and large: An activity or event for its consequences
shift3406;German;German: [Witz];Witz: [knowledge];Noun;→;German: [German];Witz: [Witz];Witz: [joke];Noun;2;;;;Metonymy;Knowledge is required to make a joke: An activity or event for its consequences
shift3445;Old Chinese;Old Chinese: [dú (獨, 独)];dú (獨, 独): [alone, lonely];Adverb;→;Old Chinese: [Mandarin Chinese];dú (獨, 独): [dú (獨, 独)];dú (獨, 独): [only, just];Adverb;2;Broadening;;;Metaphor;Grammaticalization. The word lost its specifications and became a broad grammatical term. Analogy. From being physically lonely to an adverb stating only one thing.
shift3484;Amharic, Ancient Hebrew;Amharic: [tänättänä], Ancient Hebrew: [נִתַּח nittaḥ];tänättänä: [to divide up the food and give one his allotted portion, e.g. steward in a monastery, to apportion], נִתַּח nittaḥ: [to divide into several parts];Verb;→;Amharic: [Amharic], Ancient Hebrew: [Modern Hebrew];tänättänä: [tänättänä], נִתַּח nittaḥ: [lenateaḥ];tänättänä: [to analyze (a matter, a text), to treat (discuss)ö to clarify, explain, to describe], lenateaḥ: [to analyse];Verb;3;;;;Metaphor;From physically tearing apart something to mentall doing it. Analogy. Concrete to abstract.
shift3496;Ancient Hebrew;Ancient Hebrew: [חִיָּה ḥiyyā (pi'el-stem)];חִיָּה ḥiyyā (pi'el-stem): [to let live, preserve alive];Verb;→;Ancient Hebrew: [Ancient Hebrew];חִיָּה ḥiyyā (pi'el-stem): [חִיָּה ḥiyyā (pi'el-stem)];חִיָּה ḥiyyā (pi'el-stem): [to repaire, restore];Verb;3;;;;Metaphor;Repairing something is figuratively letting it live. Analogy.
shift3501;Polish;Polish: [rzecz];rzecz: [speech, conversation];Noun;→;Polish: [Polish];rzecz: [rzecz];rzecz: [thing];Noun;1;Broadening;;;;Grammaticalization. The word lost its specifications and became a broad grammatical term.
shift3508;Old English;Old English: [wanten];wanten: [to be necessary];Verb;→;Old English: [English];wanten: [want];want: [to wish for or desire (something)];Verb;3;;;;Metonymy;You desire things that are necessary: An activity or event for its consequences
shift3527;Macedonian;Macedonian: [глава];глава: [head];Noun;→;Macedonian: [Macedonian];глава: [глава];глава: [top, upper part];Noun;3;Broadening;;;Metonymy;"From ""head"" of the body to all things at the upper parts of objects. Being at the top, upper part is a feature of the head: An attribute for the entity that possesses the attribute"
shift3588;Classical Armenian;Classical Armenian: [šnorh (շնորհ)];"šnorh (շնորհ): [grace, favour; benefit, gift, something given freely]";Noun;→;Classical Armenian: [Armenian];šnorh (շնորհ): [šnorhkʿ (շնորհք)];šnorhkʿ (շնորհք): [talent];Noun;3;;;;Metaphor;"Analogy. ""Talent"" as a gift given by God."
shift3736;Sanskrit;Sanskrit: [mákara (मकर)];mákara (मकर): [makara], mákara (मकर): [monster (supernatural)];Noun;→;Sanskrit: [Hindi], Sanskrit: [Urdu];mákara (मकर): [magar (मगर)], mákara (मकर): [magar (مگر)];magar (मगर): [crocodile], magar (مگر): [crocodile];Noun;3;;;;Metaphor;Visual similarity.
shift3745;Latin, Romanian;Latin: [cilium ], Latin: [palpebra ], Romanian: [geană];cilium : [eyelid], palpebra : [eyelid], geană: [eyelid];Noun;—;Latin: [Latin], Latin: [Occitan], Romanian: [Romanian];cilium : [cilium ], palpebra : [parpèlha ], geană: [geană];cilium : [eyelash], parpèlha : [eyelash], geană: [eyelash];Noun;3;;;;Metonymy;Spatial contiguity: A spatial location for what is located there
shift3747;Latin;Latin: [costa];costa: [rib];Noun;→;Latin: [Galician];costa: [costas];costas: [(pl.) back (body part)];Noun;3;;;;Metonymy;Spatial contiguity: A spatial location for what is located there
shift3771;Latin;Latin: [clueo];clueo: [to hear / to listen];Verb;—;Latin: [Latin];clueo: [clueo];"clueo: [to have a reputation, to pass for; to be reputed]";Verb;2;;;;Metaphor;Analogy. When you have a reputation, people hear about you. 
shift3855;Old Irish;Old Irish: [*gasto-];*gasto-: [stranger];Noun;→;Old Irish: [Old Irish];*gasto-: [gataid];gataid: [to deprive];Verb;1;;;;Metonymy;Either because strangers take stuff from you or you take stuff from strangers: An activity or event for its consequences
shift3856;Sanskrit;Sanskrit: [mr̥gá-, mā́rgati];mr̥gá-, mā́rgati: [seek, request, hunt];Verb;→;Sanskrit: [Hindi];mr̥gá-, mā́rgati: [mr̥g मृग ];mr̥g मृग : [deer, antelope];Noun;3;;;;Metonymy;Deers and antelopes are commonly hunted: An activity or event for its consequences
shift3857;Russian;Russian: [напрасный];напрасный: [sudden];Adjective;→;Russian: [Russian];напрасный: [напрасный];напрасный: [vain];Noun;3;;Emotive;Pejoration;Metonymy;Sudden things tend to be for vain: An activity or event for its consequences
shift3906;Latin;Latin: [pupa];pupa: [little girl];Noun;—;Latin: [Latin];pupa: [pupille];pupille: [pupil (of an eye)];Noun;3;;;;Metaphor;Analogy. Pupil is like the little girl of the eye.
shift3946;German, Russian;German: [Fähnrich], Russian: [прапорщик];Fähnrich: [standart-bearer], прапорщик: [standart-bearer];Noun;→;German: [German], Russian: [Russian];Fähnrich: [Fähnrich], прапорщик: [прапорщик];Fähnrich: [a military rank of the Bundeswehr, Austrian Armed Forces and former German armed forces], прапорщик: [military rank];Noun;3;;;;Metonymy;From one military rank to other military ranks: An attribute for the entity that possesses the attribute
shift3962;Cornish;Cornish: [gwragh];gwragh: [old woman];Noun;→;Cornish: [Cornish];gwragh: [gwragh];gwragh: [witch];Noun;3;;Emotive;Pejoration;Metonymy;"The word ""old woman"" does not have bad connotations whereas ""witch"" have. Witches are thought to be old woman: An attribute for the entity that possesses the attribute"
shift3963;Latin;Latin: [strix];strix: [a kind of owl, regarded as a bird of ill omen, sometimes as a vampire or evil spirit];Noun;→;Latin: [Italian];strix: [strige];strige: [witch];Noun;3;;;;Metonymy;Owls are associated with witches: An attribute for the entity that possesses the attribute
shift4092;Brahui;Brahui: [*mun-];*mun-: [front part, front];Adjective;→;Brahui: [Brahui];*mun-: [muskōī];muskōī: [ancestor];Noun;3;;;;Metaphor;Analogy. Your ancestors are figuritively in front of you.
shift4100;Enindhilyagwa;Enindhilyagwa: [akwalaya];akwalaya: [fish];Noun;→;Enindhilyagwa: [Enindhilyagwa];akwalaya: [fishes, sea animals];fishes, sea animals: [animals];Noun;3;Broadening;;;;"From one type of sea animal, ""fish"" to all ""sea animals""."
shift4120;Kawi (Old Javanese);Kawi (Old Javanese): [jĕne];jĕne: [turmeric (Curcuma)];Noun;→;Kawi (Old Javanese): [Javanese];jĕne: [jené];jené: [(krama) yellow];Adjective;3;Broadening;;;Metonymy;From one specific object with that color to all objects with that color. Feature is removed from the intension. An attribute for the entity that possesses the attribute
shift4122;Ancient Greek;Ancient Greek: [κίτρινος];κίτρινος: [of the citron tree];Adjective;→;Ancient Greek: [Modern Greek];κίτρινος: [κίτρινος];κίτρινος: [yellow];Adjective;3;Broadening;;;Metonymy;From one specific object with that color to all objects with that color. Feature is removed from the intension. An attribute for the entity that possesses the attribute
shift4197;Latin;Latin: [rapum];rapum: [turnip (Brassica rapa var. rapa)];Noun;→;Latin: [Spanish];rapum: [rabo];rabo: [tail];Noun;3;;;;Metaphor;Visual similarity.
shift4200;Ancient Greek;Ancient Greek: [κύριος];κύριος: [lord];Noun;→;Ancient Greek: [Apulia-Calabrian Greek];κύριος: [ciuri];ciuri: [father];Noun;2;;;;Metaphor;Functional similarity.
shift4204;Ancient Hebrew;Ancient Hebrew: [ḥōṣän];ḥōṣän: [fold of garment, bosom];Noun;—;Ancient Hebrew: [Akkadian];ḥōṣän: [ḫiṣnu];ḫiṣnu: [protection];Noun;2;Broadening;;;Metonymy;Fold of garment is used for protection: An activity or event for its consequences. Fold of garment is also a hyponym of protection.
shift4216;Gaulish;Gaulish: [*sepanios];*sepanios: [to follow, go after smb.];Verb;→;Gaulish: [Gothic];*sepanios: [siponeis];siponeis: [to be adherent];Verb;3;;;;Metaphor;From physically following someone to following their ideas. Analogy, Concrete to abstract.
shift4228;Italian, Latin, Spanish;Italian: [bruma], Latin: [bruma], Spanish: [bruma];bruma: [winter];Noun;→;Italian: [Italian], Latin: [Catalan,French], Spanish: [Spanish];bruma: [bruma], bruma: [broma,brume];bruma: [mist, fog], broma,brume: [mist, fog], bruma: [haze, especially costal fog];Noun;3;;;;Metonymy;"""Mist. fog, haze"" occurs in the ""winter"": A period of time for what happens in that period, for the people that live then, or for what it produces"
shift4229;Latin;Latin: [bruma];bruma: [winter solstice, (by extension) winter];Noun;→;Latin: [Romanian];bruma: [brumă];brumă: [hoar-frost];Noun;3;;;;Metonymy;"""Hoar-frost"" occurs in the ""winter"": A period of time for what happens in that period, for the people that live then, or for what it produces"
shift4235;Ancient Greek;Ancient Greek: [παιδίον];παιδίον: [child];Noun;→;Ancient Greek: [Tauro-Romaic (Mariupol Greek)];παιδίον: [педъы];педъы: [son];Noun;3;Narrowing;;;;From all children to male child. New feature is added to the intension.
shift4245;Tzotzil;Tzotzil: [7isak’];7isak’: [sweet potato (Ipomoea batatas)];Noun;→;Tzotzil: [Tzotzil];7isak’: [7isak’];7isak’: [potato];Noun;2;;;;Metaphor;Visual similarity.
shift4247;Finnish;Finnish: [peruna];peruna: [pear];Noun;→;Finnish: [Finnish];peruna: [peruna];peruna: [potato];Noun;2;;;;Metaphor;Visual similarity.
shift4372;Latin;Latin: [ferrum];ferrum: [iron];Noun;→;Latin: [Spanish];ferrum: [ferro];ferro: [galleys anchor];Noun;3;;;;Metonymy;A material for the product made from it
shift4441;Old English;Old English: [sċytel, sċutel];sċytel, sċutel: [dart, arrow];Noun;→;Old English: [English];sċytel, sċutel: [shuttle];shuttle: [shuttle];Noun;3;;;;Metaphor;Visual similarity.
shift4557;Old Irish;Old Irish: [slicht, sliocht];slicht, sliocht: [footprint, track];Noun;→;Old Irish: [Old Irish];slicht, sliocht: [sliocht];sliocht: [семья, род, племя, отпрыск, потомок];Noun;3;;;;Metaphor;Analogy. Family and offsprings are tracks of you. Concrete to abstract.
shift4596;Ancient Greek;Ancient Greek: [φακός];φακός: [lentil];Noun;→;Ancient Greek: [Modern Greek];φακός: [φακός];φακός: [lens];Noun;3;;;;Metaphor;Visual similarity.
shift4620;Old East Slavic;Old East Slavic: [въникнути];въникнути: [to get into];Verb;→;Old East Slavic: [Russian];въникнути: [вникнуть];вникнуть: [to understand];Verb;2;;;;Metaphor;"When you ""understand"" something, you figuratively ""get into it"". Analogy. Concrete to abstract."
shift4646;Welsh;Welsh: [drych];drych: [to see/to look at];Verb;→;Welsh: [Welsh];drych: [drych];drych: [mirror];Noun;2;;;;Metonymy;You see and look at the mirror: An activity or event for its consequences
shift4647;Portuguese;Portuguese: [dona];dona: [female owner, mistress];Noun;→;Portuguese: [Brazilian Portuguese];dona: [dona];dona: [wife];Noun;2;;;;Metaphor;"The ""female owner, mistress"" does the same job as the wife: functional similarity."
shift4663;Latin;Latin: [libet (impers.)];libet (impers.): [to want];Verb;→;Latin: [Medieval Latin];libet (impers.): [quodlibet];quodlibet: [anything];Noun;3;Broadening;;;;Grammaticalization. Intension is lost.
shift4720;Old East Slavic;Old East Slavic: [дрѣмѫчии];дрѣмѫчии: [sleeping];Adjective;→;Old East Slavic: [Old East Slavic];дрѣмѫчии: [дремучий];дремучий: [dense (forest)];Adjective;1;;;;Metaphor;Analogy. From deep sleep to dense forest.
shift4808;Latin;Latin: [marito, -are];marito, -are: [to marry];Verb;→;Latin: [Latin];marito, -are: [maritus];maritus: [husband];Noun;3;;;;Metonymy;"""Husband"" is a part of marrying: Part for whole"